,filename,date,word,score
0,IEF20101027.txt,2010-10-27,caja,1.298923612393588
1,IEF20101027.txt,2010-10-27,ahorro,1.298923612393588
2,IEF20101027.txt,2010-10-27,repo,1.2488546978704362
3,IEF20101027.txt,2010-10-27,abrirse,1.2488546978704362
4,IEF20101027.txt,2010-10-27,colocar,1.2488546978704362
5,IEF20101027.txt,2010-10-27,ltv,1.2488546978704362
6,IEF20101027.txt,2010-10-27,subestándar,1.2488546978704362
7,IEF20101027.txt,2010-10-27,ascender,1.2488546978704362
8,IEF20101027.txt,2010-10-27,serio,1.2488546978704362
9,IEF20101027.txt,2010-10-27,depositar,1.2488546978704362
10,IEF20101027.txt,2010-10-27,reapertura,1.2488546978704362
11,IEF20101027.txt,2010-10-27,plenamente,1.1409045661322246
12,IEF20101027.txt,2010-10-27,colocación,1.0141926213440402
13,IEF20101027.txt,2010-10-27,asentar,1.0141926213440402
14,IEF20101027.txt,2010-10-27,significar,1.0141926213440402
15,IEF20101027.txt,2010-10-27,imprescindible,1.0141926213440402
16,IEF20101027.txt,2010-10-27,retornar,1.0141926213440402
17,IEF20101027.txt,2010-10-27,problemático,1.0141926213440402
18,IEF20101027.txt,2010-10-27,realidad,1.0141926213440402
19,IEF20101027.txt,2010-10-27,importe,1.0141926213440402
20,IEF20101027.txt,2010-10-27,refinanciación,1.0141926213440402
21,IEF20101027.txt,2010-10-27,alargar,1.0141926213440402
22,IEF20101027.txt,2010-10-27,intensificarse,1.0141926213440402
23,IEF20101027.txt,2010-10-27,despejar,1.0141926213440402
24,IEF20101027.txt,2010-10-27,afianzar,0.9159072012169144
25,IEF20191031.txt,2019-10-31,coe,1.5240176397020107
26,IEF20191031.txt,2019-10-31,elegible,1.5240176397020107
27,IEF20191031.txt,2019-10-31,usd,1.4051651376085648
28,IEF20191031.txt,2019-10-31,amortizar,1.4051651376085648
29,IEF20191031.txt,2019-10-31,orientar,1.2376519443131357
30,IEF20191031.txt,2019-10-31,implicación,1.2376519443131357
31,IEF20191031.txt,2019-10-31,instituto,1.2376519443131357
32,IEF20191031.txt,2019-10-31,revelar,1.2376519443131357
33,IEF20191031.txt,2019-10-31,test,1.2376519443131357
34,IEF20191031.txt,2019-10-31,ocasión,1.2376519443131357
35,IEF20191031.txt,2019-10-31,clasificar,1.2376519443131357
36,IEF20191031.txt,2019-10-31,maduración,1.1713931614038058
37,IEF20191031.txt,2019-10-31,motivación,1.1713931614038058
38,IEF20191031.txt,2019-10-31,liderazgo,1.1713931614038058
39,IEF20191031.txt,2019-10-31,arancel,1.1713931614038058
40,IEF20191031.txt,2019-10-31,prórroga,1.1713931614038058
41,IEF20191031.txt,2019-10-31,formación,1.1713931614038058
42,IEF20191031.txt,2019-10-31,convocar,1.1713931614038058
43,IEF20191031.txt,2019-10-31,acomodación,1.1713931614038058
44,IEF20191031.txt,2019-10-31,tltro,1.1713931614038058
45,IEF20191031.txt,2019-10-31,escalonar,1.1713931614038058
46,IEF20191031.txt,2019-10-31,remuneración,1.1713931614038058
47,IEF20191031.txt,2019-10-31,reevaluaran,1.1713931614038058
48,IEF20191031.txt,2019-10-31,salarial,1.1713931614038058
49,IEF20191031.txt,2019-10-31,empeorar,1.1713931614038058
50,IEF20211104.txt,2021-11-04,derecho,1.8562302776808903
51,IEF20211104.txt,2021-11-04,simular,1.6138467364455844
52,IEF20211104.txt,2021-11-04,eficaz,1.6138467364455844
53,IEF20211104.txt,2021-11-04,facturación,1.4600090980922635
54,IEF20211104.txt,2021-11-04,población,1.4214560963166267
55,IEF20211104.txt,2021-11-04,cnae,1.4214560963166267
56,IEF20211104.txt,2021-11-04,sendos,1.4214560963166267
57,IEF20211104.txt,2021-11-04,pec,1.4214560963166267
58,IEF20211104.txt,2021-11-04,izquierdo,1.4214560963166267
59,IEF20211104.txt,2021-11-04,históricaeeuueeuu,1.4214560963166267
60,IEF20211104.txt,2021-11-04,entregar,1.4214560963166267
61,IEF20211104.txt,2021-11-04,compensación,1.4214560963166267
62,IEF20211104.txt,2021-11-04,descomposición,1.310601989866621
63,IEF20211104.txt,2021-11-04,per,1.310601989866621
64,IEF20211104.txt,2021-11-04,pd,1.310601989866621
65,IEF20211104.txt,2021-11-04,climático,1.229065456187669
66,IEF20211104.txt,2021-11-04,vacunación,1.1543619020748477
67,IEF20211104.txt,2021-11-04,precrisis,1.1543619020748477
68,IEF20211104.txt,2021-11-04,digitalización,1.1543619020748477
69,IEF20211104.txt,2021-11-04,producción,1.1363649783720449
70,IEF20211104.txt,2021-11-04,sanitario,1.1332151845772371
71,IEF20211104.txt,2021-11-04,prematuro,1.1332151845772371
72,IEF20211104.txt,2021-11-04,macrofinanciera,1.092562124665839
73,IEF20211104.txt,2021-11-04,recuperándose,1.092562124665839
74,IEF20211104.txt,2021-11-04,hogaresvulnerabilidadesprincipales,1.092562124665839
75,IEF20161103.txt,2016-11-03,revisándose,1.5410969376561074
76,IEF20161103.txt,2016-11-03,impulso,1.1845206819152605
77,IEF20161103.txt,2016-11-03,laxitud,1.1845206819152605
78,IEF20161103.txt,2016-11-03,traer,1.1845206819152605
79,IEF20161103.txt,2016-11-03,relanzamiento,1.1845206819152605
80,IEF20161103.txt,2016-11-03,grueso,1.1845206819152605
81,IEF20161103.txt,2016-11-03,unidad,1.1845206819152605
82,IEF20161103.txt,2016-11-03,destacable,1.1845206819152605
83,IEF20161103.txt,2016-11-03,deprimir,1.1845206819152605
84,IEF20161103.txt,2016-11-03,explorar,1.1845206819152605
85,IEF20161103.txt,2016-11-03,detrás,1.1845206819152605
86,IEF20161103.txt,2016-11-03,dirección,1.1845206819152605
87,IEF20161103.txt,2016-11-03,migratorio,1.1845206819152605
88,IEF20161103.txt,2016-11-03,seguridad,1.1845206819152605
89,IEF20161103.txt,2016-11-03,cualitativo,1.1845206819152605
90,IEF20161103.txt,2016-11-03,juicio,1.1845206819152605
91,IEF20161103.txt,2016-11-03,experto,1.1845206819152605
92,IEF20161103.txt,2016-11-03,reciprocidad,1.1845206819152605
93,IEF20161103.txt,2016-11-03,modesto,1.0821315377838951
94,IEF20161103.txt,2016-11-03,coincidir,1.0821315377838951
95,IEF20161103.txt,2016-11-03,acercar,0.986304574986422
96,IEF20161103.txt,2016-11-03,esencialmente,0.9619470843777067
97,IEF20161103.txt,2016-11-03,exigible,0.9619470843777067
98,IEF20161103.txt,2016-11-03,representativo,0.9619470843777067
99,IEF20161103.txt,2016-11-03,estrecharse,0.9619470843777067
100,IEF20140508.txt,2014-05-08,trayectoria,1.3643538064603828
101,IEF20140508.txt,2014-05-08,firmar,1.3643538064603828
102,IEF20140508.txt,2014-05-08,desestacionalizados,1.2913119281769478
103,IEF20140508.txt,2014-05-08,útimos,1.2913119281769478
104,IEF20140508.txt,2014-05-08,rompiéndose,1.2913119281769478
105,IEF20140508.txt,2014-05-08,reanuado,1.2913119281769478
106,IEF20140508.txt,2014-05-08,retardar,1.2913119281769478
107,IEF20140508.txt,2014-05-08,atribuir,1.2913119281769478
108,IEF20140508.txt,2014-05-08,perserverar,1.2913119281769478
109,IEF20140508.txt,2014-05-08,estudiar,1.2913119281769478
110,IEF20140508.txt,2014-05-08,crd,1.2913119281769478
111,IEF20140508.txt,2014-05-08,crr,1.2913119281769478
112,IEF20140508.txt,2014-05-08,finalizar,1.2913119281769478
113,IEF20140508.txt,2014-05-08,perseverancia,1.2913119281769478
114,IEF20140508.txt,2014-05-08,incipiente,1.1796918229721327
115,IEF20140508.txt,2014-05-08,fragmentación,1.0752255169037024
116,IEF20140508.txt,2014-05-08,éxito,1.0486720606038635
117,IEF20140508.txt,2014-05-08,transitoriamente,1.0486720606038633
118,IEF20140508.txt,2014-05-08,puntual,1.0486720606038633
119,IEF20140508.txt,2014-05-08,preservación,1.0486720606038633
120,IEF20140508.txt,2014-05-08,intertrimestral,0.9470452375695577
121,IEF20140508.txt,2014-05-08,asistencia,0.9470452375695577
122,IEF20140508.txt,2014-05-08,interrumpir,0.9067368368936616
123,IEF20140508.txt,2014-05-08,observándose,0.9067368368936616
124,IEF20140508.txt,2014-05-08,apreciable,0.9067368368936616
125,IEF20051202.txt,2005-12-02,justificar,1.6876894596799332
126,IEF20051202.txt,2005-12-02,cbe,1.567851564067123
127,IEF20051202.txt,2005-12-02,computable,1.4864958468330016
128,IEF20051202.txt,2005-12-02,diversidad,1.4864958468330016
129,IEF20051202.txt,2005-12-02,niif,1.3705695306637462
130,IEF20051202.txt,2005-12-02,británico,1.2071805647905707
131,IEF20051202.txt,2005-12-02,ex,1.1850662639579215
132,IEF20051202.txt,2005-12-02,definición,1.1425530939233788
133,IEF20051202.txt,2005-12-02,deducir,1.1425530939233786
134,IEF20051202.txt,2005-12-02,contabilización,1.1425530939233786
135,IEF20051202.txt,2005-12-02,apertura,1.1425530939233786
136,IEF20051202.txt,2005-12-02,exhaustivo,1.1425530939233786
137,IEF20051202.txt,2005-12-02,contablemente,1.1425530939233786
138,IEF20051202.txt,2005-12-02,impor,1.1425530939233786
139,IEF20051202.txt,2005-12-02,quedar,1.1425530939233786
140,IEF20051202.txt,2005-12-02,aprendizaje,1.1425530939233786
141,IEF20051202.txt,2005-12-02,conocimiento,1.1425530939233786
142,IEF20051202.txt,2005-12-02,anular,1.1425530939233786
143,IEF20051202.txt,2005-12-02,bienestar,1.1425530939233786
144,IEF20051202.txt,2005-12-02,concentrándose,1.1425530939233786
145,IEF20051202.txt,2005-12-02,detrimento,1.1425530939233786
146,IEF20051202.txt,2005-12-02,contabilizar,1.1425530939233786
147,IEF20051202.txt,2005-12-02,cuota,1.1425530939233786
148,IEF20051202.txt,2005-12-02,efectuar,1.1425530939233786
149,IEF20051202.txt,2005-12-02,estimular,1.1425530939233786
150,IEF20071105.txt,2007-11-05,clientela,1.4740478576999896
151,IEF20071105.txt,2007-11-05,subprime,1.3823428597501743
152,IEF20071105.txt,2007-11-05,hipotecar,1.2983229858647503
153,IEF20071105.txt,2007-11-05,cuestión,1.2983229858647503
154,IEF20071105.txt,2007-11-05,propagar,1.2288161255055987
155,IEF20071105.txt,2007-11-05,revaluación,1.2288161255055987
156,IEF20071105.txt,2007-11-05,asumirlo,1.2288161255055987
157,IEF20071105.txt,2007-11-05,disponibilidad,1.2288161255055987
158,IEF20071105.txt,2007-11-05,sumarse,1.2288161255055987
159,IEF20071105.txt,2007-11-05,reconocerse,1.2288161255055987
160,IEF20071105.txt,2007-11-05,sorprender,1.2288161255055987
161,IEF20071105.txt,2007-11-05,asimilarse,1.2288161255055987
162,IEF20071105.txt,2007-11-05,afectarles,1.2288161255055987
163,IEF20071105.txt,2007-11-05,sencillo,1.2288161255055987
164,IEF20071105.txt,2007-11-05,corto,1.2288161255055987
165,IEF20071105.txt,2007-11-05,predominantemente,1.2288161255055987
166,IEF20071105.txt,2007-11-05,contactar,1.2288161255055987
167,IEF20071105.txt,2007-11-05,afrontarlos,1.2288161255055987
168,IEF20071105.txt,2007-11-05,vinculación,1.2288161255055987
169,IEF20071105.txt,2007-11-05,longevidad,1.2288161255055987
170,IEF20071105.txt,2007-11-05,capitalriesgo,1.2288161255055987
171,IEF20071105.txt,2007-11-05,argumentar,1.2288161255055987
172,IEF20071105.txt,2007-11-05,efectivamente,1.2288161255055987
173,IEF20071105.txt,2007-11-05,notorio,1.2288161255055987
174,IEF20071105.txt,2007-11-05,turbulencia,1.1768601722094123
175,IEF20090506.txt,2009-05-06,sincronización,1.294739449806492
176,IEF20090506.txt,2009-05-06,colapsar,1.294739449806492
177,IEF20090506.txt,2009-05-06,públicamente,1.294739449806492
178,IEF20090506.txt,2009-05-06,contracíclicas,1.294739449806492
179,IEF20090506.txt,2009-05-06,cuartar,1.294739449806492
180,IEF20090506.txt,2009-05-06,expandir,1.294739449806492
181,IEF20090506.txt,2009-05-06,igualar,1.294739449806492
182,IEF20090506.txt,2009-05-06,asentir,1.294739449806492
183,IEF20090506.txt,2009-05-06,provenir,1.294739449806492
184,IEF20090506.txt,2009-05-06,solventarse,1.294739449806492
185,IEF20090506.txt,2009-05-06,reorganización,1.294739449806492
186,IEF20090506.txt,2009-05-06,solucionar,1.294739449806492
187,IEF20090506.txt,2009-05-06,transposición,1.294739449806492
188,IEF20090506.txt,2009-05-06,redimensionamiento,1.294739449806492
189,IEF20090506.txt,2009-05-06,optimización,1.294739449806492
190,IEF20090506.txt,2009-05-06,inicialmente,1.1828230720152213
191,IEF20090506.txt,2009-05-06,puesto,1.051455544664986
192,IEF20090506.txt,2009-05-06,gravedad,1.051455544664986
193,IEF20090506.txt,2009-05-06,excepcional,1.051455544664986
194,IEF20090506.txt,2009-05-06,rescatar,1.051455544664986
195,IEF20090506.txt,2009-05-06,inyectar,1.051455544664986
196,IEF20090506.txt,2009-05-06,distribuir,1.051455544664986
197,IEF20090506.txt,2009-05-06,vehículo,1.051455544664986
198,IEF20090506.txt,2009-05-06,conduits,1.051455544664986
199,IEF20090506.txt,2009-05-06,siv,1.051455544664986
200,IEF20180503.txt,2018-05-03,proteccionista,1.2429527304620172
201,IEF20180503.txt,2018-05-03,emisor,1.198362936302703
202,IEF20180503.txt,2018-05-03,procíclicas,1.198362936302703
203,IEF20180503.txt,2018-05-03,matizar,1.198362936302703
204,IEF20180503.txt,2018-05-03,puntualizar,1.198362936302703
205,IEF20180503.txt,2018-05-03,ascendente,1.198362936302703
206,IEF20180503.txt,2018-05-03,or,1.198362936302703
207,IEF20180503.txt,2018-05-03,desencadenarse,1.198362936302703
208,IEF20180503.txt,2018-05-03,noticiar,1.198362936302703
209,IEF20180503.txt,2018-05-03,pasándose,1.198362936302703
210,IEF20180503.txt,2018-05-03,fundamento,1.198362936302703
211,IEF20180503.txt,2018-05-03,demasiar,1.198362936302703
212,IEF20180503.txt,2018-05-03,complaciente,1.198362936302703
213,IEF20180503.txt,2018-05-03,endeudar,1.198362936302703
214,IEF20180503.txt,2018-05-03,actualización,1.198362936302703
215,IEF20180503.txt,2018-05-03,interrelación,1.0947772773267954
216,IEF20180503.txt,2018-05-03,prevalecer,0.9731883539076611
217,IEF20180503.txt,2018-05-03,condición,0.9731883539076611
218,IEF20180503.txt,2018-05-03,alrededor,0.9731883539076611
219,IEF20180503.txt,2018-05-03,cifrar,0.9731883539076611
220,IEF20180503.txt,2018-05-03,popular,0.9731883539076611
221,IEF20180503.txt,2018-05-03,acaecer,0.9731883539076611
222,IEF20180503.txt,2018-05-03,página,0.9731883539076611
223,IEF20180503.txt,2018-05-03,ciertamente,0.9731883539076611
224,IEF20180503.txt,2018-05-03,simplemente,0.9731883539076611
225,IEF20190507.txt,2019-05-07,procedimiento,1.577278546152612
226,IEF20190507.txt,2019-05-07,judicial,1.5706905510383367
227,IEF20190507.txt,2019-05-07,macrofinancieros,1.4542724228473694
228,IEF20190507.txt,2019-05-07,tjue,1.280905029256008
229,IEF20190507.txt,2019-05-07,irph,1.280905029256008
230,IEF20190507.txt,2019-05-07,reputación,1.280905029256008
231,IEF20190507.txt,2019-05-07,jurisdicción,1.280905029256008
232,IEF20190507.txt,2019-05-07,cuantitativo,1.280905029256008
233,IEF20190507.txt,2019-05-07,resentir,1.212330654488598
234,IEF20190507.txt,2019-05-07,destinatario,1.212330654488598
235,IEF20190507.txt,2019-05-07,importación,1.212330654488598
236,IEF20190507.txt,2019-05-07,semana,1.212330654488598
237,IEF20190507.txt,2019-05-07,calmo,1.212330654488598
238,IEF20190507.txt,2019-05-07,desordenar,1.212330654488598
239,IEF20190507.txt,2019-05-07,ultraexpansivas,1.212330654488598
240,IEF20190507.txt,2019-05-07,islandia,1.212330654488598
241,IEF20190507.txt,2019-05-07,litigio,1.212330654488598
242,IEF20190507.txt,2019-05-07,contractual,1.212330654488598
243,IEF20190507.txt,2019-05-07,devolver,1.212330654488598
244,IEF20190507.txt,2019-05-07,pronunciamiento,1.212330654488598
245,IEF20190507.txt,2019-05-07,apropiar,1.212330654488598
246,IEF20190507.txt,2019-05-07,prevención,1.212330654488598
247,IEF20190507.txt,2019-05-07,esforzarse,1.212330654488598
248,IEF20190507.txt,2019-05-07,fortalecerse,1.212330654488598
249,IEF20190507.txt,2019-05-07,alejándose,1.212330654488598
250,IEF20050523.txt,2005-05-23,análogo,1.2428817723619434
251,IEF20050523.txt,2005-05-23,contabilidad,1.2428817723619434
252,IEF20050523.txt,2005-05-23,formular,1.1763430060187159
253,IEF20050523.txt,2005-05-23,salvedad,1.1763430060187159
254,IEF20050523.txt,2005-05-23,imputar,1.1763430060187159
255,IEF20050523.txt,2005-05-23,contraído,1.1763430060187159
256,IEF20050523.txt,2005-05-23,desconocer,1.1763430060187159
257,IEF20050523.txt,2005-05-23,noventa,1.1763430060187159
258,IEF20050523.txt,2005-05-23,gozar,1.1763430060187159
259,IEF20050523.txt,2005-05-23,matizarse,1.1763430060187159
260,IEF20050523.txt,2005-05-23,ánimo,1.1763430060187159
261,IEF20050523.txt,2005-05-23,restringir,1.1763430060187159
262,IEF20050523.txt,2005-05-23,mixto,1.1763430060187159
263,IEF20050523.txt,2005-05-23,derivarse,1.1763430060187159
264,IEF20050523.txt,2005-05-23,excelente,1.1763430060187159
265,IEF20050523.txt,2005-05-23,cosechar,1.1763430060187159
266,IEF20050523.txt,2005-05-23,ascenso,1.074660734505798
267,IEF20050523.txt,2005-05-23,británico,0.9553060087040025
268,IEF20050523.txt,2005-05-23,epígrafe,0.9553060087040025
269,IEF20050523.txt,2005-05-23,citar,0.9553060087040025
270,IEF20050523.txt,2005-05-23,modificar,0.9553060087040025
271,IEF20050523.txt,2005-05-23,fenómeno,0.9553060087040025
272,IEF20050523.txt,2005-05-23,maniobrar,0.9553060087040025
273,IEF20050523.txt,2005-05-23,comercialización,0.9553060087040025
274,IEF20050523.txt,2005-05-23,controlar,0.9553060087040025
275,IEF20171102.txt,2017-11-02,caixabank,1.5607921816004489
276,IEF20171102.txt,2017-11-02,sabadell,1.5607921816004489
277,IEF20171102.txt,2017-11-02,macropruden,1.5607921816004489
278,IEF20171102.txt,2017-11-02,cial,1.5607921816004489
279,IEF20171102.txt,2017-11-02,basándose,1.5607921816004489
280,IEF20171102.txt,2017-11-02,improductivo,1.1996588755080149
281,IEF20171102.txt,2017-11-02,cataluña,1.1996588755080149
282,IEF20171102.txt,2017-11-02,salvar,1.1996588755080146
283,IEF20171102.txt,2017-11-02,trascurrir,1.1996588755080146
284,IEF20171102.txt,2017-11-02,desafiar,1.1996588755080146
285,IEF20171102.txt,2017-11-02,independentista,1.1996588755080146
286,IEF20171102.txt,2017-11-02,jur,1.1996588755080146
287,IEF20171102.txt,2017-11-02,assessmet,1.1996588755080146
288,IEF20171102.txt,2017-11-02,programme,1.1996588755080146
289,IEF20171102.txt,2017-11-02,fsap,1.1996588755080146
290,IEF20171102.txt,2017-11-02,revertiera,1.1996588755080146
291,IEF20171102.txt,2017-11-02,generarse,1.1996588755080146
292,IEF20171102.txt,2017-11-02,moviéndose,1.1996588755080146
293,IEF20171102.txt,2017-11-02,imprevisto,1.1996588755080146
294,IEF20171102.txt,2017-11-02,sepsepsep,1.1996588755080146
295,IEF20171102.txt,2017-11-02,cotiz,1.1996588755080146
296,IEF20171102.txt,2017-11-02,eurostoxx,1.095961196448284
297,IEF20171102.txt,2017-11-02,mapa,1.095961196448284
298,IEF20171102.txt,2017-11-02,prima,1.0833999182773029
299,IEF20171102.txt,2017-11-02,tónico,0.9742407837715826
300,IEF20110503.txt,2011-05-03,desligarse,1.6314617723522409
301,IEF20110503.txt,2011-05-03,primario,1.3249071283841003
302,IEF20110503.txt,2011-05-03,irlandés,1.2539770626269258
303,IEF20110503.txt,2011-05-03,desembocar,1.2539770626269258
304,IEF20110503.txt,2011-05-03,socio,1.2539770626269258
305,IEF20110503.txt,2011-05-03,abordándose,1.2539770626269258
306,IEF20110503.txt,2011-05-03,pivotar,1.2539770626269258
307,IEF20110503.txt,2011-05-03,parlamentar,1.2539770626269258
308,IEF20110503.txt,2011-05-03,convalidar,1.2539770626269258
309,IEF20110503.txt,2011-05-03,atenuarse,1.2539770626269258
310,IEF20110503.txt,2011-05-03,inicio,1.2539770626269258
311,IEF20110503.txt,2011-05-03,montar,1.2539770626269258
312,IEF20110503.txt,2011-05-03,equivaler,1.2539770626269258
313,IEF20110503.txt,2011-05-03,aflorar,1.2539770626269258
314,IEF20110503.txt,2011-05-03,explícitamente,1.2539770626269258
315,IEF20110503.txt,2011-05-03,necesariamente,1.2539770626269258
316,IEF20110503.txt,2011-05-03,profesionalización,1.2539770626269258
317,IEF20110503.txt,2011-05-03,transformación,1.2539770626269258
318,IEF20110503.txt,2011-05-03,afianzarse,1.2539770626269258
319,IEF20110503.txt,2011-05-03,obstar,1.2539770626269258
320,IEF20110503.txt,2011-05-03,ahorro,1.2009572719942736
321,IEF20110503.txt,2011-05-03,integración,1.156184026917614
322,IEF20110503.txt,2011-05-03,tradicionalmente,1.145584157240813
323,IEF20110503.txt,2011-05-03,caja,1.132454129175946
324,IEF20110503.txt,2011-05-03,frob,1.132454129175946
325,IEF20070522.txt,2007-05-22,concreción,1.3428433989439008
326,IEF20070522.txt,2007-05-22,hedge,1.3428433989439008
327,IEF20070522.txt,2007-05-22,benigno,1.3428433989439008
328,IEF20070522.txt,2007-05-22,hoy,1.3182438951401476
329,IEF20070522.txt,2007-05-22,private,1.270953099202781
330,IEF20070522.txt,2007-05-22,equity,1.270953099202781
331,IEF20070522.txt,2007-05-22,intensificándose,1.270953099202781
332,IEF20070522.txt,2007-05-22,enmarcarlo,1.270953099202781
333,IEF20070522.txt,2007-05-22,lógico,1.270953099202781
334,IEF20070522.txt,2007-05-22,descontar,1.270953099202781
335,IEF20070522.txt,2007-05-22,corroborar,1.270953099202781
336,IEF20070522.txt,2007-05-22,entorno,1.270953099202781
337,IEF20070522.txt,2007-05-22,complacencia,1.270953099202781
338,IEF20070522.txt,2007-05-22,opacidad,1.270953099202781
339,IEF20070522.txt,2007-05-22,mifid,1.270953099202781
340,IEF20070522.txt,2007-05-22,equipar,1.270953099202781
341,IEF20070522.txt,2007-05-22,funds,1.0321386927428833
342,IEF20070522.txt,2007-05-22,muestra,1.0321386927428833
343,IEF20070522.txt,2007-05-22,apenar,1.0321386927428833
344,IEF20070522.txt,2007-05-22,invertir,1.0321386927428833
345,IEF20070522.txt,2007-05-22,ralentizar,1.0321386927428833
346,IEF20070522.txt,2007-05-22,observarse,1.0321386927428833
347,IEF20070522.txt,2007-05-22,vigilar,1.0321386927428833
348,IEF20070522.txt,2007-05-22,stress,1.0321386927428833
349,IEF20070522.txt,2007-05-22,niif,1.0321386927428833
350,IEF20201029.txt,2020-10-29,brote,1.6325378001401307
351,IEF20201029.txt,2020-10-29,implementar,1.4379189523210152
352,IEF20201029.txt,2020-10-29,desescalada,1.4379189523210147
353,IEF20201029.txt,2020-10-29,desproporcionar,1.4379189523210147
354,IEF20201029.txt,2020-10-29,interes,1.4379189523210147
355,IEF20201029.txt,2020-10-29,epidemiológico,1.4379189523210147
356,IEF20201029.txt,2020-10-29,inmenso,1.4379189523210147
357,IEF20201029.txt,2020-10-29,convencional,1.4379189523210147
358,IEF20201029.txt,2020-10-29,pandemia,1.4335790007545743
359,IEF20201029.txt,2020-10-29,repentino,1.325780968587208
360,IEF20201029.txt,2020-10-29,parcial,1.325780968587208
361,IEF20201029.txt,2020-10-29,sinergia,1.325780968587208
362,IEF20201029.txt,2020-10-29,tr,1.243300104501899
363,IEF20201029.txt,2020-10-29,confinamiento,1.167731357396088
364,IEF20201029.txt,2020-10-29,competidor,1.167731357396088
365,IEF20201029.txt,2020-10-29,vínculo,1.167731357396088
366,IEF20201029.txt,2020-10-29,reaparición,1.167731357396088
367,IEF20201029.txt,2020-10-29,contingente,1.167731357396088
368,IEF20201029.txt,2020-10-29,luxemburgo,1.167731357396088
369,IEF20201029.txt,2020-10-29,producción,1.1495259990014162
370,IEF20201029.txt,2020-10-29,selectivo,1.1463397252887115
371,IEF20201029.txt,2020-10-29,contenerla,1.1052158344644254
372,IEF20201029.txt,2020-10-29,paliar,1.1052158344644254
373,IEF20201029.txt,2020-10-29,sostenimiento,1.1052158344644254
374,IEF20201029.txt,2020-10-29,provisionamiento,1.1052158344644254
375,IEF20060523.txt,2006-05-23,cbe,1.1907767955309745
376,IEF20060523.txt,2006-05-23,protagonista,1.148058765391021
377,IEF20060523.txt,2006-05-23,subsistir,1.148058765391021
378,IEF20060523.txt,2006-05-23,suscitar,1.148058765391021
379,IEF20060523.txt,2006-05-23,obviarse,1.148058765391021
380,IEF20060523.txt,2006-05-23,alargamiento,1.148058765391021
381,IEF20060523.txt,2006-05-23,apropiadamente,1.148058765391021
382,IEF20060523.txt,2006-05-23,eminentemente,1.148058765391021
383,IEF20060523.txt,2006-05-23,muetra,1.148058765391021
384,IEF20060523.txt,2006-05-23,incorporación,1.148058765391021
385,IEF20060523.txt,2006-05-23,esperarse,1.148058765391021
386,IEF20060523.txt,2006-05-23,detracción,1.148058765391021
387,IEF20060523.txt,2006-05-23,obrar,1.148058765391021
388,IEF20060523.txt,2006-05-23,benéficosocial,1.148058765391021
389,IEF20060523.txt,2006-05-23,antiguo,1.148058765391021
390,IEF20060523.txt,2006-05-23,cautelar,1.0585259061495
391,IEF20060523.txt,2006-05-23,concentración,0.9323364285007629
392,IEF20060523.txt,2006-05-23,doblar,0.9323364285007629
393,IEF20060523.txt,2006-05-23,distinguir,0.9323364285007629
394,IEF20060523.txt,2006-05-23,bancarización,0.9323364285007629
395,IEF20060523.txt,2006-05-23,benigno,0.9323364285007629
396,IEF20060523.txt,2006-05-23,tomarse,0.9323364285007629
397,IEF20060523.txt,2006-05-23,repentino,0.9323364285007629
398,IEF20060523.txt,2006-05-23,ampliar,0.9323364285007629
399,IEF20060523.txt,2006-05-23,extraer,0.9323364285007629
400,IEF20130507.txt,2013-05-07,consultor,1.9797932186215392
401,IEF20130507.txt,2013-05-07,traspaso,1.8253964639312095
402,IEF20130507.txt,2013-05-07,probar,1.705042872430747
403,IEF20130507.txt,2013-05-07,mou,1.4742694489502095
404,IEF20130507.txt,2013-05-07,sareb,1.3901764566604602
405,IEF20130507.txt,2013-05-07,decreto,1.3056804506636503
406,IEF20130507.txt,2013-05-07,firmar,1.3056804506636503
407,IEF20130507.txt,2013-05-07,gobernanza,1.3056804506636503
408,IEF20130507.txt,2013-05-07,participar,1.2817617336800862
409,IEF20130507.txt,2013-05-07,credibilidad,1.2357797019701302
410,IEF20130507.txt,2013-05-07,especulación,1.2357797019701302
411,IEF20130507.txt,2013-05-07,precipicio,1.2357797019701302
412,IEF20130507.txt,2013-05-07,girar,1.2357797019701302
413,IEF20130507.txt,2013-05-07,chipre,1.2357797019701302
414,IEF20130507.txt,2013-05-07,reordenación,1.2357797019701302
415,IEF20130507.txt,2013-05-07,auditoría,1.2357797019701302
416,IEF20130507.txt,2013-05-07,granularidad,1.2357797019701302
417,IEF20130507.txt,2013-05-07,accionista,1.2357797019701302
418,IEF20130507.txt,2013-05-07,tenedor,1.2357797019701302
419,IEF20130507.txt,2013-05-07,híbrido,1.2357797019701302
420,IEF20130507.txt,2013-05-07,crearse,1.2357797019701302
421,IEF20130507.txt,2013-05-07,hito,1.2357797019701302
422,IEF20130507.txt,2013-05-07,comprensión,1.2357797019701302
423,IEF20130507.txt,2013-05-07,aminorar,1.2357797019701302
424,IEF20130507.txt,2013-05-07,retrospectivo,1.2357797019701302
425,IEF20141103.txt,2014-11-03,board,1.6667847589880773
426,IEF20141103.txt,2014-11-03,predominar,1.3535928613768875
427,IEF20141103.txt,2014-11-03,temor,1.281127079731496
428,IEF20141103.txt,2014-11-03,precisión,1.281127079731496
429,IEF20141103.txt,2014-11-03,mostrarse,1.281127079731496
430,IEF20141103.txt,2014-11-03,denominador,1.281127079731496
431,IEF20141103.txt,2014-11-03,conocido,1.281127079731496
432,IEF20141103.txt,2014-11-03,métrico,1.281127079731496
433,IEF20141103.txt,2014-11-03,leve,1.281127079731496
434,IEF20141103.txt,2014-11-03,aqr,1.281127079731496
435,IEF20141103.txt,2014-11-03,rigor,1.281127079731496
436,IEF20141103.txt,2014-11-03,apartar,1.281127079731496
437,IEF20141103.txt,2014-11-03,trabajo,1.281127079731496
438,IEF20141103.txt,2014-11-03,jers,1.281127079731496
439,IEF20141103.txt,2014-11-03,systemic,1.281127079731496
440,IEF20141103.txt,2014-11-03,risk,1.281127079731496
441,IEF20141103.txt,2014-11-03,esrb,1.281127079731496
442,IEF20141103.txt,2014-11-03,stability,1.281127079731496
443,IEF20141103.txt,2014-11-03,fsb,1.281127079731496
444,IEF20141103.txt,2014-11-03,sombrar,1.281127079731496
445,IEF20141103.txt,2014-11-03,propuesta,1.281127079731496
446,IEF20141103.txt,2014-11-03,recuadro,1.281127079731496
447,IEF20141103.txt,2014-11-03,enmarcar,1.281127079731496
448,IEF20141103.txt,2014-11-03,supervisón,1.281127079731496
449,IEF20141103.txt,2014-11-03,reparto,1.281127079731496
450,IEF20151104.txt,2015-11-04,divergencia,1.1840445492567861
451,IEF20151104.txt,2015-11-04,desenvolver,1.1840445492567861
452,IEF20151104.txt,2015-11-04,situarse,1.1840445492567861
453,IEF20151104.txt,2015-11-04,índole,1.1840445492567861
454,IEF20151104.txt,2015-11-04,presto,1.1840445492567861
455,IEF20151104.txt,2015-11-04,cantidad,1.1840445492567861
456,IEF20151104.txt,2015-11-04,atrás,1.1840445492567861
457,IEF20151104.txt,2015-11-04,revestir,1.1840445492567861
458,IEF20151104.txt,2015-11-04,demografía,1.1840445492567861
459,IEF20151104.txt,2015-11-04,américa,1.1840445492567861
460,IEF20151104.txt,2015-11-04,latino,1.1840445492567861
461,IEF20151104.txt,2015-11-04,sensible,1.1840445492567861
462,IEF20151104.txt,2015-11-04,in,1.1840445492567861
463,IEF20151104.txt,2015-11-04,ternacionales,1.1840445492567861
464,IEF20151104.txt,2015-11-04,york,1.1840445492567861
465,IEF20151104.txt,2015-11-04,cupón,1.1840445492567861
466,IEF20151104.txt,2015-11-04,asset,1.1840445492567861
467,IEF20151104.txt,2015-11-04,swaps,1.1840445492567861
468,IEF20151104.txt,2015-11-04,alternativamente,1.1840445492567861
469,IEF20151104.txt,2015-11-04,restablecimiento,1.1840445492567861
470,IEF20151104.txt,2015-11-04,minimizar,1.1840445492567861
471,IEF20151104.txt,2015-11-04,satisfactorio,1.1840445492567861
472,IEF20151104.txt,2015-11-04,tratamiento,1.1840445492567861
473,IEF20151104.txt,2015-11-04,compatibilidad,1.1840445492567861
474,IEF20151104.txt,2015-11-04,jurídico,1.1840445492567861
475,IEF20220427.txt,2022-04-27,ucranio,2.41490262094515
476,IEF20220427.txt,2022-04-27,invasión,2.2194865320061083
477,IEF20220427.txt,2022-04-27,rusia,2.047585125021256
478,IEF20220427.txt,2022-04-27,conflicto,2.047585125021256
479,IEF20220427.txt,2022-04-27,bélico,1.777875287109118
480,IEF20220427.txt,2022-04-27,ruso,1.6392253654951274
481,IEF20220427.txt,2022-04-27,guerra,1.6392253654951274
482,IEF20220427.txt,2022-04-27,energía,1.5311465651280467
483,IEF20220427.txt,2022-04-27,inflacionista,1.4438092765560862
484,IEF20220427.txt,2022-04-27,izda,1.443809276556086
485,IEF20220427.txt,2022-04-27,agrícola,1.443809276556086
486,IEF20220427.txt,2022-04-27,gas,1.443809276556086
487,IEF20220427.txt,2022-04-27,disrupciones,1.443809276556086
488,IEF20220427.txt,2022-04-27,alimento,1.443809276556086
489,IEF20220427.txt,2022-04-27,difusión,1.443809276556086
490,IEF20220427.txt,2022-04-27,variante,1.443809276556086
491,IEF20220427.txt,2022-04-27,epidémico,1.443809276556086
492,IEF20220427.txt,2022-04-27,documento,1.443809276556086
493,IEF20220427.txt,2022-04-27,pandemia,1.3612938269112003
494,IEF20220427.txt,2022-04-27,imposición,1.3312119282091395
495,IEF20220427.txt,2022-04-27,usd,1.3312119282091395
496,IEF20220427.txt,2022-04-27,ola,1.3312119282091395
497,IEF20220427.txt,2022-04-27,tr,1.2483931876170444
498,IEF20220427.txt,2022-04-27,sancionar,1.172514878959261
499,IEF20220427.txt,2022-04-27,izar,1.172514878959261
500,IEF20080402.txt,2008-04-02,monolines,1.5855702972806918
501,IEF20080402.txt,2008-04-02,hipotecar,1.2876387452170877
502,IEF20080402.txt,2008-04-02,subprime,1.2640505336387762
503,IEF20080402.txt,2008-04-02,apalancar,1.218703875056697
504,IEF20080402.txt,2008-04-02,lbo,1.218703875056697
505,IEF20080402.txt,2008-04-02,oscilación,1.218703875056697
506,IEF20080402.txt,2008-04-02,constatarse,1.218703875056697
507,IEF20080402.txt,2008-04-02,lapso,1.218703875056697
508,IEF20080402.txt,2008-04-02,máxime,1.218703875056697
509,IEF20080402.txt,2008-04-02,excesivamente,1.218703875056697
510,IEF20080402.txt,2008-04-02,comparable,1.218703875056697
511,IEF20080402.txt,2008-04-02,inexistente,1.218703875056697
512,IEF20080402.txt,2008-04-02,hipótesis,1.218703875056697
513,IEF20080402.txt,2008-04-02,explicación,1.218703875056697
514,IEF20080402.txt,2008-04-02,titulizadas,1.218703875056697
515,IEF20080402.txt,2008-04-02,titulizando,1.218703875056697
516,IEF20080402.txt,2008-04-02,retener,1.218703875056697
517,IEF20080402.txt,2008-04-02,eventualmente,1.218703875056697
518,IEF20080402.txt,2008-04-02,secured,1.218703875056697
519,IEF20080402.txt,2008-04-02,lending,1.218703875056697
520,IEF20080402.txt,2008-04-02,instrumentación,1.218703875056697
521,IEF20080402.txt,2008-04-02,retomar,1.218703875056697
522,IEF20080402.txt,2008-04-02,marginal,1.218703875056697
523,IEF20080402.txt,2008-04-02,turbulencia,1.1671754809381103
524,IEF20080402.txt,2008-04-02,apelar,1.1133599594782264
525,IEF20160504.txt,2016-05-04,euríbor,2.002279459067362
526,IEF20160504.txt,2016-05-04,agotarse,1.5332970148384513
527,IEF20160504.txt,2016-05-04,doce,1.3080637350106217
528,IEF20160504.txt,2016-05-04,perjudicar,1.2451877079292788
529,IEF20160504.txt,2016-05-04,respectivamente,1.1785254913019376
530,IEF20160504.txt,2016-05-04,nuevamente,1.1785254913019376
531,IEF20160504.txt,2016-05-04,labor,1.1785254913019376
532,IEF20160504.txt,2016-05-04,bailin,1.1785254913019376
533,IEF20160504.txt,2016-05-04,retribución,1.1785254913019376
534,IEF20160504.txt,2016-05-04,bajista,1.1785254913019376
535,IEF20160504.txt,2016-05-04,euribor,1.1785254913019376
536,IEF20160504.txt,2016-05-04,rodear,1.1785254913019376
537,IEF20160504.txt,2016-05-04,designación,1.1785254913019376
538,IEF20160504.txt,2016-05-04,jurisdicción,0.9570784010201062
539,IEF20160504.txt,2016-05-04,implicación,0.9570784010201062
540,IEF20160504.txt,2016-05-04,reglar,0.9570784010201062
541,IEF20160504.txt,2016-05-04,observarse,0.9570784010201062
542,IEF20160504.txt,2016-05-04,separar,0.9570784010201062
543,IEF20160504.txt,2016-05-04,doblar,0.9570784010201062
544,IEF20160504.txt,2016-05-04,indicio,0.9570784010201062
545,IEF20160504.txt,2016-05-04,forecasts,0.9570784010201062
546,IEF20160504.txt,2016-05-04,ahí,0.9570784010201062
547,IEF20160504.txt,2016-05-04,prima,0.8643279207275179
548,IEF20160504.txt,2016-05-04,véanse,0.8643279207275179
549,IEF20160504.txt,2016-05-04,apreciable,0.8275401573114223
550,IEF20021202.txt,2002-12-02,repercutir,1.6476018308713343
551,IEF20021202.txt,2002-12-02,referente,1.3380144404565444
552,IEF20021202.txt,2002-12-02,brasil,1.3380144404565444
553,IEF20021202.txt,2002-12-02,cooperativo,1.266382663245577
554,IEF20021202.txt,2002-12-02,brasileño,1.266382663245577
555,IEF20021202.txt,2002-12-02,méjico,1.266382663245577
556,IEF20021202.txt,2002-12-02,chile,1.266382663245577
557,IEF20021202.txt,2002-12-02,filial,1.266382663245577
558,IEF20021202.txt,2002-12-02,tacan,1.266382663245577
559,IEF20021202.txt,2002-12-02,desconfianza,1.266382663245577
560,IEF20021202.txt,2002-12-02,escándalo,1.266382663245577
561,IEF20021202.txt,2002-12-02,imputable,1.266382663245577
562,IEF20021202.txt,2002-12-02,equivalencia,1.266382663245577
563,IEF20021202.txt,2002-12-02,personal,1.266382663245577
564,IEF20021202.txt,2002-12-02,paralizar,1.266382663245577
565,IEF20021202.txt,2002-12-02,profundo,1.0284270500417538
566,IEF20021202.txt,2002-12-02,per,1.0284270500417538
567,IEF20021202.txt,2002-12-02,etapa,1.0284270500417538
568,IEF20021202.txt,2002-12-02,robustez,1.0284270500417538
569,IEF20021202.txt,2002-12-02,latinoamérica,0.9287621712443705
570,IEF20021202.txt,2002-12-02,beneficiar,0.9287621712443705
571,IEF20021202.txt,2002-12-02,acorde,0.8892319394814092
572,IEF20021202.txt,2002-12-02,electoral,0.8892319394814092
573,IEF20021202.txt,2002-12-02,región,0.8892319394814092
574,IEF20021202.txt,2002-12-02,cociente,0.8892319394814092
575,IEF20111102.txt,2011-11-02,recrudecimiento,1.6759951575579444
576,IEF20111102.txt,2011-11-02,cumbre,1.5452904906413534
577,IEF20111102.txt,2011-11-02,acuerdo,1.3361391651448686
578,IEF20111102.txt,2011-11-02,jefe,1.3361391651448686
579,IEF20111102.txt,2011-11-02,interactuar,1.2882063927377783
580,IEF20111102.txt,2011-11-02,interaccionado,1.2882063927377783
581,IEF20111102.txt,2011-11-02,culminar,1.2882063927377783
582,IEF20111102.txt,2011-11-02,totalizar,1.2882063927377783
583,IEF20111102.txt,2011-11-02,reforzarlo,1.2882063927377783
584,IEF20111102.txt,2011-11-02,circunscribir,1.2882063927377783
585,IEF20111102.txt,2011-11-02,solución,1.2882063927377783
586,IEF20111102.txt,2011-11-02,aceptación,1.2882063927377783
587,IEF20111102.txt,2011-11-02,efsf,1.2882063927377783
588,IEF20111102.txt,2011-11-02,suerte,1.2882063927377783
589,IEF20111102.txt,2011-11-02,venidero,1.2882063927377783
590,IEF20111102.txt,2011-11-02,devenir,1.2882063927377783
591,IEF20111102.txt,2011-11-02,desconocido,1.2882063927377783
592,IEF20111102.txt,2011-11-02,italiano,1.0461500609404126
593,IEF20111102.txt,2011-11-02,gravedad,1.0461500609404126
594,IEF20111102.txt,2011-11-02,reactivar,1.0461500609404126
595,IEF20111102.txt,2011-11-02,decretar,1.0461500609404126
596,IEF20111102.txt,2011-11-02,voluntario,1.0461500609404126
597,IEF20111102.txt,2011-11-02,rebajar,1.0461500609404126
598,IEF20111102.txt,2011-11-02,macro,1.0461500609404126
599,IEF20111102.txt,2011-11-02,apenar,1.0461500609404126
600,IEF20170503.txt,2017-05-03,resurgimiento,1.5238193880932451
601,IEF20170503.txt,2017-05-03,ordenación,1.1712407808980325
602,IEF20170503.txt,2017-05-03,interconectar,1.1712407808980325
603,IEF20170503.txt,2017-05-03,pudiéndose,1.1712407808980325
604,IEF20170503.txt,2017-05-03,claridad,1.1712407808980325
605,IEF20170503.txt,2017-05-03,sentenciar,1.1712407808980325
606,IEF20170503.txt,2017-05-03,situándolas,1.1712407808980325
607,IEF20170503.txt,2017-05-03,cotizar,1.1712407808980325
608,IEF20170503.txt,2017-05-03,policy,1.1712407808980325
609,IEF20170503.txt,2017-05-03,uncertainty,1.1712407808980325
610,IEF20170503.txt,2017-05-03,move,1.1712407808980325
611,IEF20170503.txt,2017-05-03,yen,1.1712407808980325
612,IEF20170503.txt,2017-05-03,librar,1.1712407808980325
613,IEF20170503.txt,2017-05-03,epu,1.1712407808980325
614,IEF20170503.txt,2017-05-03,index,1.1712407808980325
615,IEF20170503.txt,2017-05-03,elevación,1.1712407808980325
616,IEF20170503.txt,2017-05-03,iniciativo,1.1712407808980325
617,IEF20170503.txt,2017-05-03,improductivo,1.0799000419608957
618,IEF20170503.txt,2017-05-03,proteccionista,1.0699995421768997
619,IEF20170503.txt,2017-05-03,legal,0.9649955171323387
620,IEF20170503.txt,2017-05-03,posicionar,0.9511625009935721
621,IEF20170503.txt,2017-05-03,movimiento,0.9511625009935721
622,IEF20170503.txt,2017-05-03,anual,0.9511625009935721
623,IEF20170503.txt,2017-05-03,puntual,0.9511625009935721
624,IEF20170503.txt,2017-05-03,eurozona,0.9511625009935721
625,IEF20200504.txt,2020-05-04,transmisión,2.3369150762988307
626,IEF20200504.txt,2020-05-04,shock,1.8781717177897392
627,IEF20200504.txt,2020-05-04,g,1.7710399584662424
628,IEF20200504.txt,2020-05-04,pilar,1.6564470863247194
629,IEF20200504.txt,2020-05-04,percentil,1.632923098865888
630,IEF20200504.txt,2020-05-04,fp,1.632923098865888
631,IEF20200504.txt,2020-05-04,at,1.632923098865888
632,IEF20200504.txt,2020-05-04,primavera,1.5169740024588105
633,IEF20200504.txt,2020-05-04,pandemia,1.5151365582493446
634,IEF20200504.txt,2020-05-04,suspensión,1.4382583186376932
635,IEF20200504.txt,2020-05-04,zew,1.4382583186376932
636,IEF20200504.txt,2020-05-04,contingencia,1.4382583186376932
637,IEF20200504.txt,2020-05-04,conservación,1.4382583186376932
638,IEF20200504.txt,2020-05-04,clave,1.4382583186376932
639,IEF20200504.txt,2020-05-04,automático,1.4382583186376932
640,IEF20200504.txt,2020-05-04,pepp,1.4382583186376932
641,IEF20200504.txt,2020-05-04,prociclicidad,1.4382583186376932
642,IEF20200504.txt,2020-05-04,sufragar,1.4382583186376932
643,IEF20200504.txt,2020-05-04,limitación,1.3260938689793373
644,IEF20200504.txt,2020-05-04,adaptarse,1.3260938689793373
645,IEF20200504.txt,2020-05-04,voluntario,1.3260938689793373
646,IEF20200504.txt,2020-05-04,inesperado,1.3260938689793373
647,IEF20200504.txt,2020-05-04,moratorio,1.3260938689793373
648,IEF20200504.txt,2020-05-04,recomendación,1.2435935384094983
649,IEF20200504.txt,2020-05-04,canal,1.201830623465717
650,IEF20091104.txt,2009-11-04,quebrar,1.8385292397155149
651,IEF20091104.txt,2009-11-04,compatibilizar,1.6193536455672657
652,IEF20091104.txt,2009-11-04,percibir,1.3150741407158313
653,IEF20091104.txt,2009-11-04,excepcional,1.3150741407158313
654,IEF20091104.txt,2009-11-04,racionalización,1.3150741407158313
655,IEF20091104.txt,2009-11-04,covered,1.2446704925821699
656,IEF20091104.txt,2009-11-04,bonds,1.2446704925821699
657,IEF20091104.txt,2009-11-04,época,1.2446704925821699
658,IEF20091104.txt,2009-11-04,bonanza,1.2446704925821699
659,IEF20091104.txt,2009-11-04,cauteloso,1.2446704925821699
660,IEF20091104.txt,2009-11-04,razón,1.2446704925821699
661,IEF20091104.txt,2009-11-04,suceso,1.2446704925821699
662,IEF20091104.txt,2009-11-04,intermedio,1.2446704925821699
663,IEF20091104.txt,2009-11-04,motor,1.2446704925821699
664,IEF20091104.txt,2009-11-04,merar,1.2446704925821699
665,IEF20091104.txt,2009-11-04,intensivo,1.2446704925821699
666,IEF20091104.txt,2009-11-04,previsible,1.147603241868328
667,IEF20091104.txt,2009-11-04,lehman,1.1370820406397406
668,IEF20091104.txt,2009-11-04,brothers,1.1370820406397406
669,IEF20091104.txt,2009-11-04,signo,1.0363889967707804
670,IEF20091104.txt,2009-11-04,frob,1.0363889967707804
671,IEF20091104.txt,2009-11-04,normalizándose,1.0107946358643964
672,IEF20091104.txt,2009-11-04,titulizaciones,1.0107946358643964
673,IEF20091104.txt,2009-11-04,párrafo,1.0107946358643964
674,IEF20091104.txt,2009-11-04,hora,1.0107946358643964
675,IEF20041123.txt,2004-11-23,aceleración,1.18386388609862
676,IEF20041123.txt,2004-11-23,concretamente,1.1838638860986197
677,IEF20041123.txt,2004-11-23,gama,1.1838638860986197
678,IEF20041123.txt,2004-11-23,mano,1.1838638860986197
679,IEF20041123.txt,2004-11-23,variar,1.1838638860986197
680,IEF20041123.txt,2004-11-23,oficial,1.1838638860986197
681,IEF20041123.txt,2004-11-23,asimilar,1.1838638860986197
682,IEF20041123.txt,2004-11-23,ampliándose,1.1838638860986197
683,IEF20041123.txt,2004-11-23,riesgopaís,1.1838638860986197
684,IEF20041123.txt,2004-11-23,parecido,1.1838638860986197
685,IEF20041123.txt,2004-11-23,atento,1.1838638860986197
686,IEF20041123.txt,2004-11-23,sostener,0.9753958038449624
687,IEF20041123.txt,2004-11-23,fuertemente,0.961413701693474
688,IEF20041123.txt,2004-11-23,mover,0.961413701693474
689,IEF20041123.txt,2004-11-23,potenciar,0.961413701693474
690,IEF20041123.txt,2004-11-23,controlar,0.961413701693474
691,IEF20041123.txt,2004-11-23,ramo,0.961413701693474
692,IEF20041123.txt,2004-11-23,comercialización,0.961413701693474
693,IEF20041123.txt,2004-11-23,conseguir,0.961413701693474
694,IEF20041123.txt,2004-11-23,latinoamérica,0.8682430873562358
695,IEF20041123.txt,2004-11-23,dicotomía,0.8312886855379575
696,IEF20041123.txt,2004-11-23,ex,0.8312886855379575
697,IEF20041123.txt,2004-11-23,diversificar,0.8312886855379575
698,IEF20041123.txt,2004-11-23,subir,0.8312886855379575
699,IEF20041123.txt,2004-11-23,volver,0.792117152488887
700,IEF20081105.txt,2008-11-05,gobierno,1.6221420575389862
701,IEF20081105.txt,2008-11-05,desaparecer,1.6221420575389858
702,IEF20081105.txt,2008-11-05,recomponer,1.3173386049900242
703,IEF20081105.txt,2008-11-05,recurrencia,1.3173386049900242
704,IEF20081105.txt,2008-11-05,convulso,1.24681372677432
705,IEF20081105.txt,2008-11-05,reconducir,1.24681372677432
706,IEF20081105.txt,2008-11-05,bearn,1.24681372677432
707,IEF20081105.txt,2008-11-05,stearns,1.24681372677432
708,IEF20081105.txt,2008-11-05,jp,1.24681372677432
709,IEF20081105.txt,2008-11-05,morgan,1.24681372677432
710,IEF20081105.txt,2008-11-05,imposibilidad,1.24681372677432
711,IEF20081105.txt,2008-11-05,intervenir,1.24681372677432
712,IEF20081105.txt,2008-11-05,freddie,1.24681372677432
713,IEF20081105.txt,2008-11-05,mac,1.24681372677432
714,IEF20081105.txt,2008-11-05,fannie,1.24681372677432
715,IEF20081105.txt,2008-11-05,mae,1.24681372677432
716,IEF20081105.txt,2008-11-05,washington,1.24681372677432
717,IEF20081105.txt,2008-11-05,mutual,1.24681372677432
718,IEF20081105.txt,2008-11-05,wachovia,1.24681372677432
719,IEF20081105.txt,2008-11-05,mundo,1.24681372677432
720,IEF20081105.txt,2008-11-05,american,1.24681372677432
721,IEF20081105.txt,2008-11-05,group,1.24681372677432
722,IEF20081105.txt,2008-11-05,aig,1.24681372677432
723,IEF20081105.txt,2008-11-05,redacción,1.24681372677432
724,IEF20081105.txt,2008-11-05,contundencia,1.24681372677432
725,IEF20030530.txt,2003-05-30,fácil,1.2115131233695202
726,IEF20030530.txt,2003-05-30,explicarlo,1.2115131233695202
727,IEF20030530.txt,2003-05-30,expansionar,1.2115131233695202
728,IEF20030530.txt,2003-05-30,generalizable,1.2115131233695202
729,IEF20030530.txt,2003-05-30,descuidar,1.2115131233695202
730,IEF20030530.txt,2003-05-30,especialización,1.2115131233695202
731,IEF20030530.txt,2003-05-30,extremar,1.1067907713670615
732,IEF20030530.txt,2003-05-30,erosionar,1.1067907713670615
733,IEF20030530.txt,2003-05-30,prudencia,0.9838675968293573
734,IEF20030530.txt,2003-05-30,plantearse,0.9838675968293572
735,IEF20030530.txt,2003-05-30,básicamente,0.9838675968293572
736,IEF20030530.txt,2003-05-30,convertirse,0.9838675968293572
737,IEF20030530.txt,2003-05-30,monedar,0.888520975222419
738,IEF20030530.txt,2003-05-30,claramente,0.888520975222419
739,IEF20030530.txt,2003-05-30,gestor,0.850703500346439
740,IEF20030530.txt,2003-05-30,robusto,0.850703500346439
741,IEF20030530.txt,2003-05-30,estabilizar,0.850703500346439
742,IEF20030530.txt,2003-05-30,acorde,0.850703500346439
743,IEF20030530.txt,2003-05-30,tendencial,0.850703500346439
744,IEF20030530.txt,2003-05-30,acreedor,0.850703500346439
745,IEF20030530.txt,2003-05-30,sumo,0.850703500346439
746,IEF20030530.txt,2003-05-30,estancamiento,0.850703500346439
747,IEF20030530.txt,2003-05-30,contracíclico,0.850703500346439
748,IEF20030530.txt,2003-05-30,regulador,0.850703500346439
749,IEF20030530.txt,2003-05-30,considerable,0.7562220702891942
750,IEF20181107.txt,2018-11-07,cambiario,1.5507245634941038
751,IEF20181107.txt,2018-11-07,predominio,1.1919206848898904
752,IEF20181107.txt,2018-11-07,mil,1.1919206848898904
753,IEF20181107.txt,2018-11-07,ulterior,1.1919206848898904
754,IEF20181107.txt,2018-11-07,disminuirdo,1.1919206848898904
755,IEF20181107.txt,2018-11-07,acercarse,1.1919206848898904
756,IEF20181107.txt,2018-11-07,mael,1.1919206848898904
757,IEF20181107.txt,2018-11-07,aparejar,1.1919206848898904
758,IEF20181107.txt,2018-11-07,manifestarse,1.1919206848898904
759,IEF20181107.txt,2018-11-07,provisionen,1.1919206848898904
760,IEF20181107.txt,2018-11-07,desear,1.1919206848898904
761,IEF20181107.txt,2018-11-07,depr,1.1919206848898904
762,IEF20181107.txt,2018-11-07,iif,1.1919206848898904
763,IEF20181107.txt,2018-11-07,balanza,1.1919206848898904
764,IEF20181107.txt,2018-11-07,indefinición,1.1919206848898904
765,IEF20181107.txt,2018-11-07,allí,1.1919206848898904
766,IEF20181107.txt,2018-11-07,radicar,1.1919206848898904
767,IEF20181107.txt,2018-11-07,parlamentario,1.1919206848898904
768,IEF20181107.txt,2018-11-07,repreciación,1.1919206848898904
769,IEF20181107.txt,2018-11-07,usarse,1.1919206848898904
770,IEF20181107.txt,2018-11-07,créditopib,1.1919206848898904
771,IEF20181107.txt,2018-11-07,metodológico,1.1919206848898904
772,IEF20181107.txt,2018-11-07,dólar,1.088891889646721
773,IEF20181107.txt,2018-11-07,interrelación,1.088891889646721
774,IEF20181107.txt,2018-11-07,proteccionista,1.088891889646721
775,IEF20210428.txt,2021-04-28,tr,1.8349607975977504
776,IEF20210428.txt,2021-04-28,snf,1.7726607139907788
777,IEF20210428.txt,2021-04-28,empresario,1.7726607139907788
778,IEF20210428.txt,2021-04-28,ola,1.6579629729389254
779,IEF20210428.txt,2021-04-28,indiv,1.6344174576582904
780,IEF20210428.txt,2021-04-28,tercero,1.6344174576582904
781,IEF20210428.txt,2021-04-28,n,1.6344174576582904
782,IEF20210428.txt,2021-04-28,segundo,1.6344174576582904
783,IEF20210428.txt,2021-04-28,descomposición,1.439574531241762
784,IEF20210428.txt,2021-04-28,estallido,1.4395745312417616
785,IEF20210428.txt,2021-04-28,r,1.4395745312417616
786,IEF20210428.txt,2021-04-28,vacuno,1.4395745312417616
787,IEF20210428.txt,2021-04-28,area,1.4395745312417616
788,IEF20210428.txt,2021-04-28,repago,1.4395745312417616
789,IEF20210428.txt,2021-04-28,rosa,1.4395745312417616
790,IEF20210428.txt,2021-04-28,excl,1.4395745312417616
791,IEF20210428.txt,2021-04-28,asegurarnos,1.4395745312417616
792,IEF20210428.txt,2021-04-28,primavera,1.4335616998356733
793,IEF20210428.txt,2021-04-28,pandemia,1.3747835573906395
794,IEF20210428.txt,2021-04-28,poblacional,1.327307435027877
795,IEF20210428.txt,2021-04-28,ejecución,1.327307435027877
796,IEF20210428.txt,2021-04-28,hemo,1.327307435027877
797,IEF20210428.txt,2021-04-28,i,1.3143995281938987
798,IEF20210428.txt,2021-04-28,sanitario,1.244731604825233
799,IEF20210428.txt,2021-04-28,manufacturar,1.244731604825233
800,IEF20131106.txt,2013-11-06,ce,1.6394036980949496
801,IEF20131106.txt,2013-11-06,según,1.3069676714935645
802,IEF20131106.txt,2013-11-06,haciéndolo,1.2600813997822389
803,IEF20131106.txt,2013-11-06,revalorizar,1.2600813997822389
804,IEF20131106.txt,2013-11-06,visitar,1.2600813997822389
805,IEF20131106.txt,2013-11-06,positivamente,1.2600813997822389
806,IEF20131106.txt,2013-11-06,reestructurar,1.2600813997822389
807,IEF20131106.txt,2013-11-06,explicativo,1.2600813997822389
808,IEF20131106.txt,2013-11-06,confortable,1.2600813997822389
809,IEF20131106.txt,2013-11-06,juzgar,1.2600813997822389
810,IEF20131106.txt,2013-11-06,frágil,1.2600813997822389
811,IEF20131106.txt,2013-11-06,reglamentar,1.2600813997822389
812,IEF20131106.txt,2013-11-06,hitar,1.2600813997822389
813,IEF20131106.txt,2013-11-06,superación,1.2600813997822389
814,IEF20131106.txt,2013-11-06,imperfección,1.2600813997822389
815,IEF20131106.txt,2013-11-06,institucional,1.1511608397368498
816,IEF20131106.txt,2013-11-06,mou,1.1511608397368498
817,IEF20131106.txt,2013-11-06,herramienta,1.049221063367999
818,IEF20131106.txt,2013-11-06,pilar,1.0233098054811498
819,IEF20131106.txt,2013-11-06,velocidad,1.0233098054811498
820,IEF20131106.txt,2013-11-06,ciertamente,1.0233098054811498
821,IEF20131106.txt,2013-11-06,preliminar,1.0233098054811498
822,IEF20131106.txt,2013-11-06,gobernanza,1.0233098054811498
823,IEF20131106.txt,2013-11-06,regular,1.0233098054811498
824,IEF20131106.txt,2013-11-06,excepción,1.0233098054811498
825,IEF20120427.txt,2012-04-27,promocionar,1.8435734559836947
826,IEF20120427.txt,2012-04-27,decretar,1.4971626396190831
827,IEF20120427.txt,2012-04-27,rescatar,1.3186821977601064
828,IEF20120427.txt,2012-04-27,laboral,1.3186821977601064
829,IEF20120427.txt,2012-04-27,articular,1.2480853891264194
830,IEF20120427.txt,2012-04-27,sentar,1.2480853891264194
831,IEF20120427.txt,2012-04-27,base,1.2480853891264194
832,IEF20120427.txt,2012-04-27,pactar,1.2480853891264194
833,IEF20120427.txt,2012-04-27,subastar,1.2480853891264194
834,IEF20120427.txt,2012-04-27,celebrándose,1.2480853891264194
835,IEF20120427.txt,2012-04-27,profundizar,1.2480853891264194
836,IEF20120427.txt,2012-04-27,elevándose,1.2480853891264194
837,IEF20120427.txt,2012-04-27,resurgir,1.2480853891264194
838,IEF20120427.txt,2012-04-27,protección,1.2480853891264194
839,IEF20120427.txt,2012-04-27,brindar,1.2480853891264194
840,IEF20120427.txt,2012-04-27,letra,1.2480853891264194
841,IEF20120427.txt,2012-04-27,sustituto,1.2480853891264194
842,IEF20120427.txt,2012-04-27,restructuración,1.2480853891264194
843,IEF20120427.txt,2012-04-27,amortiguador,1.2480853891264194
844,IEF20120427.txt,2012-04-27,restaurar,1.2480853891264194
845,IEF20120427.txt,2012-04-27,agenda,1.2480853891264194
846,IEF20120427.txt,2012-04-27,emprender,1.2480853891264194
847,IEF20120427.txt,2012-04-27,restablecer,1.2480853891264194
848,IEF20120427.txt,2012-04-27,reanudar,1.2480853891264194
849,IEF20120427.txt,2012-04-27,contractivo,1.2480853891264194
850,IEF20150506.txt,2015-05-06,irb,2.0140570104744877
851,IEF20150506.txt,2015-05-06,aprs,1.6356120231381612
852,IEF20150506.txt,2015-05-06,densidad,1.5080566875961767
853,IEF20150506.txt,2015-05-06,enfoque,1.3282775394743458
854,IEF20150506.txt,2015-05-06,estándar,1.3039448671683742
855,IEF20150506.txt,2015-05-06,tramar,1.2571670358018348
856,IEF20150506.txt,2015-05-06,estratégico,1.2571670358018348
857,IEF20150506.txt,2015-05-06,método,1.2571670358018348
858,IEF20150506.txt,2015-05-06,distanciar,1.2571670358018348
859,IEF20150506.txt,2015-05-06,lejos,1.2571670358018348
860,IEF20150506.txt,2015-05-06,interno,1.159125225876548
861,IEF20150506.txt,2015-05-06,perceptible,1.1484983913525149
862,IEF20150506.txt,2015-05-06,enfocar,1.1353349620089794
863,IEF20150506.txt,2015-05-06,predominar,1.0209430558105301
864,IEF20150506.txt,2015-05-06,optimismo,1.0209430558105301
865,IEF20150506.txt,2015-05-06,necesitar,1.0209430558105301
866,IEF20150506.txt,2015-05-06,emanar,1.0209430558105301
867,IEF20150506.txt,2015-05-06,oficina,0.9550134054487458
868,IEF20150506.txt,2015-05-06,modelo,0.9220034509914468
869,IEF20150506.txt,2015-05-06,sustituir,0.8827608857445122
870,IEF20150506.txt,2015-05-06,clima,0.8827608857445122
871,IEF20150506.txt,2015-05-06,según,0.8827608857445122
872,IEF20150506.txt,2015-05-06,apelación,0.8827608857445122
873,IEF20150506.txt,2015-05-06,recomposición,0.8827608857445122
874,IEF20150506.txt,2015-05-06,comercializar,0.8827608857445122
875,IEF20040517.txt,2004-05-17,apreciación,1.3535318597418882
876,IEF20040517.txt,2004-05-17,tier,1.20320495302953
877,IEF20040517.txt,2004-05-17,despreciable,1.2032049530295297
878,IEF20040517.txt,2004-05-17,arriesgar,1.2032049530295297
879,IEF20040517.txt,2004-05-17,desplazamiento,1.2032049530295297
880,IEF20040517.txt,2004-05-17,tramo,1.2032049530295297
881,IEF20040517.txt,2004-05-17,tra,1.2032049530295297
882,IEF20040517.txt,2004-05-17,dicional,1.2032049530295297
883,IEF20040517.txt,2004-05-17,pertenencia,1.2032049530295297
884,IEF20040517.txt,2004-05-17,atacar,1.2032049530295297
885,IEF20040517.txt,2004-05-17,madrid,1.2032049530295297
886,IEF20040517.txt,2004-05-17,quebranto,1.2032049530295297
887,IEF20040517.txt,2004-05-17,dólar,1.0992007534944754
888,IEF20040517.txt,2004-05-17,mermar,1.0992007534944754
889,IEF20040517.txt,2004-05-17,deudor,1.0018622451576962
890,IEF20040517.txt,2004-05-17,monedar,1.0018622451576962
891,IEF20040517.txt,2004-05-17,excepto,0.977120546856245
892,IEF20040517.txt,2004-05-17,encarecer,0.977120546856245
893,IEF20040517.txt,2004-05-17,terrorista,0.977120546856245
894,IEF20040517.txt,2004-05-17,posicionar,0.977120546856245
895,IEF20040517.txt,2004-05-17,finalidad,0.977120546856245
896,IEF20040517.txt,2004-05-17,considerable,0.977120546856245
897,IEF20040517.txt,2004-05-17,competitivo,0.977120546856245
898,IEF20040517.txt,2004-05-17,integrar,0.977120546856245
899,IEF20040517.txt,2004-05-17,acreedor,0.8448696472470628
900,IEF20100326.txt,2010-03-26,recurrente,1.459811880568935
901,IEF20100326.txt,2010-03-26,griego,1.285784114593411
902,IEF20100326.txt,2010-03-26,dispersión,1.285784114593411
903,IEF20100326.txt,2010-03-26,desigualar,1.2169485337109438
904,IEF20100326.txt,2010-03-26,convivir,1.2169485337109438
905,IEF20100326.txt,2010-03-26,parejo,1.2169485337109438
906,IEF20100326.txt,2010-03-26,concreto,1.2169485337109438
907,IEF20100326.txt,2010-03-26,ejemplificar,1.2169485337109438
908,IEF20100326.txt,2010-03-26,espectro,1.2169485337109438
909,IEF20100326.txt,2010-03-26,vincularse,1.2169485337109438
910,IEF20100326.txt,2010-03-26,remanente,1.2169485337109438
911,IEF20100326.txt,2010-03-26,quebrantar,1.2169485337109438
912,IEF20100326.txt,2010-03-26,anotar,1.2169485337109438
913,IEF20100326.txt,2010-03-26,nótese,1.2169485337109438
914,IEF20100326.txt,2010-03-26,cómputo,1.2169485337109438
915,IEF20100326.txt,2010-03-26,recurrir,1.2169485337109438
916,IEF20100326.txt,2010-03-26,erupción,1.2169485337109438
917,IEF20100326.txt,2010-03-26,compararse,1.2169485337109438
918,IEF20100326.txt,2010-03-26,racionalizar,1.2169485337109438
919,IEF20100326.txt,2010-03-26,denominar,1.2169485337109438
920,IEF20100326.txt,2010-03-26,deseable,1.2169485337109438
921,IEF20100326.txt,2010-03-26,deficiencia,1.2169485337109438
922,IEF20100326.txt,2010-03-26,eficacia,0.9882816836495847
923,IEF20100326.txt,2010-03-26,ralentizar,0.9882816836495847
924,IEF20100326.txt,2010-03-26,convergir,0.9882816836495847
925,IEF20121105.txt,2012-11-05,probar,1.50528462790653
926,IEF20121105.txt,2012-11-05,orientar,1.3258359438406242
927,IEF20121105.txt,2012-11-05,rdl,1.3258359438406242
928,IEF20121105.txt,2012-11-05,declaración,1.2548561531329256
929,IEF20121105.txt,2012-11-05,presidente,1.2548561531329256
930,IEF20121105.txt,2012-11-05,draghi,1.2548561531329256
931,IEF20121105.txt,2012-11-05,detalle,1.2548561531329256
932,IEF20121105.txt,2012-11-05,reunión,1.2548561531329256
933,IEF20121105.txt,2012-11-05,condicionalidad,1.2548561531329256
934,IEF20121105.txt,2012-11-05,precautorio,1.2548561531329256
935,IEF20121105.txt,2012-11-05,facilidad,1.2548561531329256
936,IEF20121105.txt,2012-11-05,paquete,1.2548561531329256
937,IEF20121105.txt,2012-11-05,presupuesto,1.2548561531329256
938,IEF20121105.txt,2012-11-05,explícito,1.2548561531329256
939,IEF20121105.txt,2012-11-05,liberalizar,1.2548561531329256
940,IEF20121105.txt,2012-11-05,fomentar,1.2548561531329256
941,IEF20121105.txt,2012-11-05,topdown,1.2548561531329256
942,IEF20121105.txt,2012-11-05,catorce,1.2548561531329256
943,IEF20121105.txt,2012-11-05,siete,1.2548561531329256
944,IEF20121105.txt,2012-11-05,responsabilizar,1.2548561531329256
945,IEF20121105.txt,2012-11-05,socioeconómico,1.2548561531329256
946,IEF20121105.txt,2012-11-05,familiar,1.2548561531329256
947,IEF20121105.txt,2012-11-05,contratar,1.2548561531329256
948,IEF20121105.txt,2012-11-05,disfunción,1.2548561531329256
949,IEF20121105.txt,2012-11-05,consistente,1.2548561531329256
950,IEF20061124.txt,2006-11-24,crudo,1.171747664917742
951,IEF20061124.txt,2006-11-24,deprisa,1.171747664917742
952,IEF20061124.txt,2006-11-24,concentración,1.171747664917742
953,IEF20061124.txt,2006-11-24,estudio,1.171747664917742
954,IEF20061124.txt,2006-11-24,incrementarse,1.171747664917742
955,IEF20061124.txt,2006-11-24,confirmándose,1.171747664917742
956,IEF20061124.txt,2006-11-24,remitir,1.0704626114943891
957,IEF20061124.txt,2006-11-24,mayar,0.9756689775727392
958,IEF20061124.txt,2006-11-24,cobrar,0.9515741405810624
959,IEF20061124.txt,2006-11-24,acelerándose,0.9515741405810624
960,IEF20061124.txt,2006-11-24,panorama,0.9515741405810624
961,IEF20061124.txt,2006-11-24,globalmente,0.9515741405810624
962,IEF20061124.txt,2006-11-24,empírico,0.9515741405810624
963,IEF20061124.txt,2006-11-24,compatible,0.9515741405810624
964,IEF20061124.txt,2006-11-24,totalmente,0.9515741405810624
965,IEF20061124.txt,2006-11-24,referente,0.9515741405810624
966,IEF20061124.txt,2006-11-24,probablemente,0.9515741405810624
967,IEF20061124.txt,2006-11-24,económicofinanciera,0.9515741405810624
968,IEF20061124.txt,2006-11-24,acercar,0.8593570782392215
969,IEF20061124.txt,2006-11-24,coyuntural,0.8593570782392215
970,IEF20061124.txt,2006-11-24,constatar,0.8593570782392215
971,IEF20061124.txt,2006-11-24,retroceso,0.8593570782392215
972,IEF20061124.txt,2006-11-24,robusto,0.8227808851924878
973,IEF20061124.txt,2006-11-24,industrial,0.8227808851924878
974,IEF20061124.txt,2006-11-24,incrementándose,0.8227808851924878
975,IEF20031117.txt,2003-11-17,estancar,1.2802317206274616
976,IEF20031117.txt,2003-11-17,sanear,1.2802317206274616
977,IEF20031117.txt,2003-11-17,plusvalía,1.2802317206274616
978,IEF20031117.txt,2003-11-17,conversión,1.2802317206274616
979,IEF20031117.txt,2003-11-17,oneroso,1.2802317206274616
980,IEF20031117.txt,2003-11-17,caminar,1.2802317206274616
981,IEF20031117.txt,2003-11-17,exclusivamente,1.2802317206274616
982,IEF20031117.txt,2003-11-17,individuo,1.2802317206274616
983,IEF20031117.txt,2003-11-17,territorio,1.2802317206274616
984,IEF20031117.txt,2003-11-17,bcbs,1.2802317206274616
985,IEF20031117.txt,2003-11-17,deducción,1.2802317206274616
986,IEF20031117.txt,2003-11-17,recomendación,1.1695693808590046
987,IEF20031117.txt,2003-11-17,ininterrumpido,1.0396738442710813
988,IEF20031117.txt,2003-11-17,erosión,1.0396738442710813
989,IEF20031117.txt,2003-11-17,olvidar,1.0396738442710813
990,IEF20031117.txt,2003-11-17,recorrer,1.0396738442710813
991,IEF20031117.txt,2003-11-17,mediano,1.0396738442710813
992,IEF20031117.txt,2003-11-17,denso,1.0396738442710813
993,IEF20031117.txt,2003-11-17,red,1.0396738442710813
994,IEF20031117.txt,2003-11-17,emanar,1.0396738442710813
995,IEF20031117.txt,2003-11-17,lanzar,1.0396738442710813
996,IEF20031117.txt,2003-11-17,convertir,1.0396738442710813
997,IEF20031117.txt,2003-11-17,enfoque,1.0396738442710813
998,IEF20031117.txt,2003-11-17,monedar,0.9389190384986348
999,IEF20031117.txt,2003-11-17,continuo,0.9389190384986348
